{"step0": 10.558171272277832, "step1": 10.534730911254883, "step2": 10.27202320098877, "step3": 9.465755462646484, "step4": 7.752148151397705, "step5": 7.1310625076293945, "step6": 6.18742036819458, "step7": 5.976535797119141, "step8": 5.6273064613342285, "step9": 5.527626991271973, "step10": 5.297503471374512, "step11": 5.212550163269043, "step12": 5.166821479797363, "step13": 5.124434947967529, "step14": 5.000850200653076, "step15": 4.9429030418396, "step16": 4.923274993896484, "step17": 4.840307712554932, "step18": 4.812852382659912, "step19": 4.74418830871582, "step20": 4.718531131744385, "step21": 4.621601104736328, "step22": 4.567256927490234, "step23": 4.535375595092773, "step24": 4.463028907775879, "step25": 4.3659138679504395, "step26": 4.343064785003662, "step27": 4.259188175201416, "step28": 4.214497089385986, "step29": 4.14713716506958, "step30": 4.04151725769043, "step31": 4.009786605834961, "step32": 3.8992202281951904, "step33": 3.814919948577881, "step34": 3.7055439949035645, "step35": 3.718791961669922, "step36": 3.7083020210266113, "step37": 3.646573066711426, "step38": 3.4565823078155518, "step39": 3.437528133392334, "step40": 3.3014895915985107, "step41": 3.2174220085144043, "step42": 2.8951659202575684, "step43": 3.1730215549468994, "step44": 2.9857332706451416, "step45": 2.5791025161743164, "step46": 2.483966827392578, "step47": 2.101914644241333, "step48": 1.6999009847640991, "step49": 2.2355639934539795, "step50": 2.6477787494659424, "step51": 2.010127305984497, "step52": 1.5596829652786255, "step53": 1.3297828435897827, "step54": 1.276436686515808, "step55": 1.2067413330078125, "step56": 0.9324910640716553, "step57": 0.7179692983627319, "step58": 0.6270008683204651, "step59": 0.5558137893676758, "step60": 0.4189138114452362, "step61": 0.32699882984161377, "step62": 0.27104490995407104, "step63": 0.24254170060157776, "step64": 0.1602115035057068, "step65": 0.13332988321781158, "step66": 0.10095449537038803, "step67": 0.07614605128765106, "step68": 0.0643760934472084, "step69": 0.056110478937625885, "step70": 0.045970506966114044, "step71": 0.03866561874747276, "step72": 0.03447725623846054, "step73": 0.02899109199643135, "step74": 0.025900840759277344, "step75": 0.022128062322735786, "step76": 0.0199607964605093, "step77": 0.018127398565411568, "step78": 0.016503412276506424, "step79": 0.014879257418215275, "step80": 0.013930879533290863, "step81": 0.013459478504955769, "step82": 0.012274880893528461, "step83": 0.012048040516674519, "step84": 0.010904775001108646, "step85": 0.010573155246675014, "step86": 0.010404267348349094, "step87": 0.009861266240477562, "step88": 0.009378020651638508, "step89": 0.009130640886723995, "step90": 0.009161439724266529, "step91": 0.00859152339398861, "step92": 0.007981391623616219, "step93": 0.007999167777597904, "step94": 0.007535488810390234, "step95": 0.007292534690350294, "step96": 0.007392192725092173, "step97": 0.006927103269845247, "step98": 0.006691881455481052, "step99": 0.0068544852547347546, "step100": 0.006494436413049698}