{"aeloss": {"time": 0.35568857192993164, "input_shape": [[4, 12, 12, 1], [4, 4, 2]]}, "batched_nms": {"time": 0.3095564842224121, "input_shape": [[400, 4], [400], [400]]}, "bbox2delta": {"time": 0.19698500633239746, "input_shape": [[128, 4], [128, 4]]}, "bbox2offset": {"time": 0.19921493530273438, "input_shape": [[3000, 4], [3000, 4]]}, "bbox2roi": {"time": 0.13312029838562012, "input_shape": []}, "bbox_overlaps": {"time": 0.1790766716003418, "input_shape": [[32, 4, 4], [32, 16, 4]]}, "bmn_loss": {"time": 1.0452353954315186, "input_shape": [[8, 2, 32, 32], [8, 32], [8, 32], [8, 32, 32], [8, 32], [8, 32], [32, 32]]}, "box_area": {"time": 0.03213310241699219, "input_shape": [[20, 5]]}, "box_iou": {"time": 0.14970922470092773, "input_shape": [[400, 4], [72, 4]]}, "boxes_for_nms": {"time": 0.030142784118652344, "input_shape": [[3000, 4], [1]]}, "bucket2bbox": {"time": 0.6204142570495605, "input_shape": [[3000, 4], [3000, 16], [3000, 16]]}, "center_size": {"time": 0.049408912658691406, "input_shape": [[10, 4]]}, "compute_locations": {"time": 0.05369973182678223, "input_shape": []}, "crop": {"time": 0.2573723793029785, "input_shape": [[4, 4, 4], [4, 4]]}, "delta2bbox": {"time": 0.42699503898620605, "input_shape": [[3000, 4], [3000, 4], [4], [4], [3]]}, "edge_smoothloss": {"time": 0.28246045112609863, "input_shape": [[2, 4, 3, 3], [2, 1, 3, 3], [2, 3, 3]]}, "fcos_matcher": {"time": 0.288196325302124, "input_shape": [[5, 128], [5, 128], [5, 2]]}, "focal_loss": {"time": 0.0792081356048584, "input_shape": [[128, 4], [128]]}, "gaussian_focal_loss": {"time": 0.1467118263244629, "input_shape": [[128, 4], [128, 4]]}, "grid_anchors": {"time": 0.08645415306091309, "input_shape": [[16, 4]]}, "index2d": {"time": 0.03962969779968262, "input_shape": [[10, 10], [10, 10]]}, "intersect": {"time": 0.0777139663696289, "input_shape": [[1, 128, 4], [1, 128, 4]]}, "jaccard": {"time": 0.188950777053833, "input_shape": [[300, 4], [300, 4]]}, "l2_loss": {"time": 0.02807903289794922, "input_shape": [[16, 32], [16, 32]]}, "legacy_bbox2delta": {"time": 0.25437092781066895, "input_shape": [[3000, 4], [3000, 4]]}, "map_roi_levels": {"time": 0.07703995704650879, "input_shape": [[20, 5]]}, "margin_loss": {"time": 0.5264816284179688, "input_shape": [[4, 2, 3, 3], [4, 3, 3]]}, "mask_predictor": {"time": 0.13013434410095215, "input_shape": [[8, 16], [48, 1, 1]]}, "masks_to_boxes": {"time": 0.1432046890258789, "input_shape": [[400, 128, 6]]}, "maxiou_matcher_match": {"time": 0.5045046806335449, "input_shape": [[4000, 4], [4000, 5]]}, "msms_clsf": {"time": 0.11449003219604492, "input_shape": [[128, 4], [128]]}, "offset2bbox": {"time": 0.30892324447631836, "input_shape": [[4000, 4], [4000, 4]]}, "partialconv2d": {"time": 0.08269762992858887, "input_shape": [[100, 3, 6, 6], [100, 3, 6, 6]]}, "position_embedding_learned": {"time": 0.09285426139831543, "input_shape": []}, "position_embedding_sine": {"time": 0.2533562183380127, "input_shape": []}, "random_sampler": {"time": 0.046907901763916016, "input_shape": [[4, 4], [4, 4]]}, "sanitize_coordinates": {"time": 0.06260013580322266, "input_shape": [[300, 100], [300, 100]]}, "shift": {"time": 0.10826897621154785, "input_shape": [[64, 64, 56, 56]]}, "tblr2bbox": {"time": 0.1375739574432373, "input_shape": [[3000, 4], [3000, 4]]}, "valid_flags": {"time": 0.07110929489135742, "input_shape": []}}